feature,cardinality,global_eta_squared,within_group_eta_squared_weighted
Variety,3,0.00426456879038169,0.00666826718765984
Agriblock,6,0.0016058500179235956,
Wind Direction_D91_D120,6,0.0016058500179235956,
Wind Direction_D1_D30,6,0.0016058500179235954,
Wind Direction_D61_D90,5,0.001537645160361962,
Wind Direction_D31_D60,5,0.0005417918813726554,
Soil Types,2,0.0001237543866103785,0.003320869959786401
Nursery,2,3.7720126150159164e-05,0.0021166498393089803
