feature,group,n_rows,spearman
Urea_40Days,Chinnasalem,358,0.6143329926197555
Urea_40Days,Cuddalore,364,0.5328007507898729
Urea_40Days,Kallakurichi,353,0.5307178506448055
Urea_40Days,Kurinjipadi,401,0.6008726219222631
Urea_40Days,Panruti,360,0.6408177552859847
Urea_40Days,Sankarapuram,502,0.6521250915338724
