feature,group,n_rows,spearman
Hectares,Chinnasalem,358,0.6143329926197555
Hectares,Cuddalore,364,0.5328007507898729
Hectares,Kallakurichi,353,0.5307178506448055
Hectares,Kurinjipadi,401,0.6008726219222631
Hectares,Panruti,360,0.6408177552859847
Hectares,Sankarapuram,502,0.6521250915338724
