feature,group,n_rows,spearman
DAP_20days,Chinnasalem,358,0.6143329926197555
DAP_20days,Cuddalore,364,0.5328007507898729
DAP_20days,Kallakurichi,353,0.5307178506448055
DAP_20days,Kurinjipadi,401,0.6008726219222631
DAP_20days,Panruti,360,0.6408177552859847
DAP_20days,Sankarapuram,502,0.6521250915338724
