feature,group,n_rows,spearman
Potassh_50Days,Chinnasalem,358,0.6143329926197555
Potassh_50Days,Cuddalore,364,0.5328007507898729
Potassh_50Days,Kallakurichi,353,0.5307178506448055
Potassh_50Days,Kurinjipadi,401,0.6008726219222631
Potassh_50Days,Panruti,360,0.6408177552859847
Potassh_50Days,Sankarapuram,502,0.6521250915338724
