case_name,row_index,agriblock,actual_yield_per_hectare,predicted_yield_per_hectare,residual_pred_minus_actual,abs_residual
highest_prediction,448,Kallakurichi,6325.0,6234.544964209352,-90.45503579064825,90.45503579064825
lowest_prediction,1416,Cuddalore,5917.0,5734.951305015792,-182.04869498420794,182.04869498420794
largest_overprediction,366,Panruti,5453.0,6212.558472516412,759.5584725164117,759.5584725164117
largest_underprediction,141,Kurinjipadi,6469.0,5941.908978211362,-527.0910217886376,527.0910217886376
median_prediction,1400,Kurinjipadi,5628.0,6102.332694279939,474.33269427993855,474.33269427993855
