{
  "metrics": {
    "mae": 180.6262589051614,
    "rmse": 230.99331089098254,
    "r2": 0.39980218072042895
  },
  "n_train_rows": 1870,
  "n_test_rows": 468
}