r2_test,rmse_test,mae_test,r2_train,rmse_train,mae_train
0.5218764054592377,960.129419128404,692.9222764173447,0.6841776922754988,791.0067462910899,569.2354297585745
