scenario,n_features,mae,rmse,r2
numeric_only,36,169.19452103197696,214.99911646328283,0.48004117220280773
full,44,180.6262589051614,230.99331089098254,0.39980218072042895
drop_size_scaled_inputs,34,180.64267219296025,231.01841383517535,0.3996717219553315
