split,n_train,n_test,mae,rmse,r2
group_shuffle,933,269,1396.8930949344503,1698.4192218548892,0.28669886366427766
