metric,mean,std
mae,1322.7951839439334,366.0647692622433
rmse,1538.7886526419904,370.5986283518281
r2,-3.239666508418389,7.118051276816857
