feature_set,model,n_features,n_folds,mae_mean,mae_std,rmse_mean,rmse_std,r2_mean,r2_std,fit_predict_seconds_mean,params_json
full_review,catboost,14,6,159.56028037434285,5.794526290086122,202.68643849206236,9.169236074442155,0.5062837319961841,0.05032635130542939,0.3885793195000436,"{""bagging_temperature"": 0.5, ""depth"": 6, ""iterations"": 300, ""l2_leaf_reg"": 7, ""learning_rate"": 0.02, ""random_strength"": 2.0}"
core,catboost,4,6,160.07520398400007,5.57002425193824,203.00485938981822,8.88626855057408,0.5048515295714107,0.04861197825011795,0.25731566716672205,"{""bagging_temperature"": 0.5, ""depth"": 6, ""iterations"": 300, ""l2_leaf_reg"": 7, ""learning_rate"": 0.02, ""random_strength"": 2.0}"
stable,catboost,4,6,160.07520398400007,5.57002425193824,203.00485938981822,8.88626855057408,0.5048515295714107,0.04861197825011795,0.2495884093333037,"{""bagging_temperature"": 0.5, ""depth"": 6, ""iterations"": 300, ""l2_leaf_reg"": 7, ""learning_rate"": 0.02, ""random_strength"": 2.0}"
full_review,random_forest,14,6,160.6146912726057,5.621727126176272,203.77464971830966,8.804156562010375,0.501205476129965,0.047595251696467916,0.3217205206667586,"{""max_depth"": 6, ""max_features"": 0.7, ""min_samples_leaf"": 8, ""n_estimators"": 250}"
core,random_forest,4,6,160.80611855521528,5.6117892013673485,204.00263962447661,8.711180210067692,0.5000564267290296,0.04774123114569344,0.5250749568334262,"{""max_depth"": 6, ""max_features"": 0.7, ""min_samples_leaf"": 8, ""n_estimators"": 600}"
stable,random_forest,4,6,160.80611855521528,5.6117892013673485,204.00263962447661,8.711180210067692,0.5000564267290296,0.04774123114569344,0.521981335333218,"{""max_depth"": 6, ""max_features"": 0.7, ""min_samples_leaf"": 8, ""n_estimators"": 600}"
