scenario,model,trial,n_features,params_json,mae_mean,mae_std,rmse_mean,rmse_std,r2_mean,r2_std,fit_predict_seconds_mean,n_folds
full_review,catboost,12,14,"{""bagging_temperature"": 0.5, ""depth"": 6, ""iterations"": 300, ""l2_leaf_reg"": 7, ""learning_rate"": 0.02, ""random_strength"": 2.0}",159.27156444715746,1.0978890366495342,202.17384975001164,3.612750821546226,0.5112553899257853,0.015626286000377767,0.22791023866663332,3
core,catboost,12,4,"{""bagging_temperature"": 0.5, ""depth"": 6, ""iterations"": 300, ""l2_leaf_reg"": 7, ""learning_rate"": 0.02, ""random_strength"": 2.0}",159.6074285959811,0.8176519013571335,202.2550031183297,3.40307124727434,0.510864334278752,0.015039231804871994,0.3604268583335397,3
stable,catboost,12,4,"{""bagging_temperature"": 0.5, ""depth"": 6, ""iterations"": 300, ""l2_leaf_reg"": 7, ""learning_rate"": 0.02, ""random_strength"": 2.0}",159.6074285959811,0.8176519013571335,202.2550031183297,3.40307124727434,0.510864334278752,0.015039231804871994,0.25088275866664844,3
full_review,random_forest,3,14,"{""max_depth"": 6, ""max_features"": 0.7, ""min_samples_leaf"": 8, ""n_estimators"": 250}",160.24695330292033,0.8207757751425132,203.0329424578147,3.416861100718313,0.507086669953034,0.01541423565969625,0.3437152020001122,3
core,random_forest,11,4,"{""max_depth"": 6, ""max_features"": 0.7, ""min_samples_leaf"": 8, ""n_estimators"": 600}",160.52248267764932,0.7789264224577642,203.29062453391631,3.3838378960091653,0.5058349594552075,0.015347384046186794,0.5409695400001814,3
stable,random_forest,11,4,"{""max_depth"": 6, ""max_features"": 0.7, ""min_samples_leaf"": 8, ""n_estimators"": 600}",160.52248267764932,0.7789264224577642,203.29062453391631,3.3838378960091653,0.5058349594552075,0.015347384046186794,0.5903651549998964,3
