rule_id,country,generalization_status,analysis_tier,n_seed_runs,ate_ref_seed,ci_low_ref_seed,ci_high_ref_seed,ci_excludes_zero_ref_seed,ate_mean_across_seeds,ate_std_across_seeds,sign_match_rate,overlap_fraction_common_support_ref_seed,max_abs_smd_after_ref_seed,ess_treated_ref_seed,ess_control_ref_seed,p_value_bootstrap_two_sided_ref_seed
R1,Benin,works_here,primary,3,-1198.7853049113469,-1935.5097843542371,-379.27849951498763,True,-1186.8800563436528,10.02840217363168,1.0,0.8415300546448088,1.1971556735974391,76.46849692105891,85.91986021250766,0.0
R1,Nigeria,works_here,primary,3,-805.918779212405,-903.797446211785,-732.5097789628697,True,-772.4109977947141,60.36852326241932,1.0,0.3129251700680272,1.0736366504552848,31.881060904012088,66.70660990312525,0.0
R2,Nigeria,works_here,primary,3,545.1025457096064,205.31275752793738,998.1555966184983,True,527.8447547431527,14.509756002543929,1.0,0.2653061224489796,1.042494978629397,30.9125855852074,67.25315970723005,0.0
R4,Benin,works_here,primary,3,1473.7544997650555,1182.8012010968482,1988.8459366595578,True,1468.6271309925717,3.7502650166720435,1.0,0.0,2.152639538582697,94.68579246751358,438.12481636976725,0.0
R2,Benin,unstable_or_small_effect,secondary,3,-6340.084152635569,-13610.312854256392,-172.9955681275265,True,-6269.047675102792,50.69936854521013,1.0,0.6885245901639344,2.04946364537589,89.05251816685664,208.9009925228307,0.04
R3,Benin,conflicts_here,secondary,3,-267.49930942038014,-696.2076737320518,250.74182259654137,False,-264.1665306995325,4.449872985950305,1.0,0.0,2.1112334772568415,95.61103694633609,413.9979124513423,0.32
R5,Burkina Faso,conflicts_here,secondary,3,877.7494908603647,404.30919038667963,1678.9561532004473,True,876.098186999246,23.182035956242043,1.0,0.4095238095238095,0.8436373538979547,53.93722235715616,32.818990514877555,0.0
