{
  "model": "gradient_boosting",
  "mae": 169.0262921446026,
  "rmse": 214.45747221493244,
  "r2": 0.4826577220419226
}